date_cst,session_id,started_cst,conversation_file,user_messages,assistant_messages,user_images,sha256
2026-07-11,019f5007-f6b4-74e3-ba8d-19473b82bfc9,2026-07-11 15:15:27 CST,conversations/2026-07-11/019f5007-f6b4-74e3-ba8d-19473b82bfc9.md,2,6,0,b9c9ad0c790d341da4b06c64a9eb9e2b4ff67e6d54407556d1952516595bce83
2026-07-11,019f5016-7058-7891-92d3-7ef9086e0ada,2026-07-11 15:31:15 CST,conversations/2026-07-11/019f5016-7058-7891-92d3-7ef9086e0ada.md,1,1,0,0826c5adb68eb54f5c1ba3cb08e1e2577715af8dbafad3f11b97ab09e9f68362
2026-07-11,019f5017-638f-7440-ba66-88f1272c8f22,2026-07-11 15:32:17 CST,conversations/2026-07-11/019f5017-638f-7440-ba66-88f1272c8f22.md,1,1,0,e1a0b92912228669d882552ede192277012c5694d849d82f641901a79e5e9862
2026-07-11,019f501b-62bc-7021-bca6-6a1c00984e1e,2026-07-11 15:36:39 CST,conversations/2026-07-11/019f501b-62bc-7021-bca6-6a1c00984e1e.md,2,4,0,8bd8a4371e7a3fdf932144aed03df6591a1b8b7b276e25162c15a046f0c0e244
2026-07-11,019f501e-79ce-7fd0-820c-437a601199d5,2026-07-11 15:40:02 CST,conversations/2026-07-11/019f501e-79ce-7fd0-820c-437a601199d5.md,2,2,0,d3d979ff5a48633523749dd68c10285c496946671b4b84ed978d79f6a6b8fa94
2026-07-12,019f55b8-7217-7cf0-afd5-c5bd9e8247e8,2026-07-12 17:46:19 CST,conversations/2026-07-12/019f55b8-7217-7cf0-afd5-c5bd9e8247e8.md,2,4,1,096419df7b595fadbae9bd3deaa30a1213bb0df6fd0abb4a554765073daff0f0
2026-07-12,019f55d4-bfdb-74c1-8434-601852e63dcd,2026-07-12 18:17:13 CST,conversations/2026-07-12/019f55d4-bfdb-74c1-8434-601852e63dcd.md,2,5,2,bcf0ddba5b4d743cafb38e4d6736ec57ad65a71725551bf96e4dc560cc332cc1
2026-07-13,019f59cb-c18f-7440-bf51-c892f4ccf878,2026-07-13 12:45:53 CST,conversations/2026-07-13/019f59cb-c18f-7440-bf51-c892f4ccf878.md,1,1,0,6f5a3ddfad92cd25439ad89c011187a8e4f93133f7d1395e5c2337bdcd0b2f39
2026-07-13,019f5a1c-8ae8-7e80-ac0b-ea1b92ad0105,2026-07-13 14:14:07 CST,conversations/2026-07-13/019f5a1c-8ae8-7e80-ac0b-ea1b92ad0105.md,1,2,0,706eb0298361d3343858f7980687d1aee4c814f723944cc1f7481b4d63f6fa81
2026-07-13,019f5abd-f8bc-7550-b2c9-900a4fc4d397,2026-07-13 17:10:27 CST,conversations/2026-07-13/019f5abd-f8bc-7550-b2c9-900a4fc4d397.md,2,8,0,cb74f9e81f732ea1afd1636eb8abedc991fa04c0adfaccb28bc1d560d2bfcf70
2026-07-13,019f5bb3-f2da-7e43-8fa8-8cc46db39b9e,2026-07-13 21:39:07 CST,conversations/2026-07-13/019f5bb3-f2da-7e43-8fa8-8cc46db39b9e.md,2,2,1,4ac868f106d43807fac22ca59dec4579762ace5a09cf0442e40ab00db942e379
2026-07-14,019f5fa9-a1c0-7423-96ba-80d848168392,2026-07-14 16:06:20 CST,conversations/2026-07-14/019f5fa9-a1c0-7423-96ba-80d848168392.md,1,1,0,153c0ca32bd785c97a77882dcdee18fad523ac4ab97370e0706a20844f6832e2
2026-07-14,019f5fb3-7ab6-75b1-a729-4062a129bb3a,2026-07-14 16:17:05 CST,conversations/2026-07-14/019f5fb3-7ab6-75b1-a729-4062a129bb3a.md,1,1,0,78d046cfd67da8d115f6ad895c55d3898c817c71c8a0832480771fc8a213828d
2026-07-19,019f79a1-ef29-7312-8545-593a01bf6597,2026-07-19 17:08:03 CST,conversations/2026-07-19/019f79a1-ef29-7312-8545-593a01bf6597.md,9,19,1,5d8a54f3675513860fd03c000ca91c6c4b36d561ac761e4e113ec66c64621186
2026-07-19,019f79d8-1f91-7391-a59c-093e67981d54,2026-07-19 18:07:14 CST,conversations/2026-07-19/019f79d8-1f91-7391-a59c-093e67981d54.md,11,46,2,17def88380fa8c76de2f02011b75c9d41647ffad4782c14521c8c31d23f0e9a6
2026-07-19,019f79e5-bda6-7310-847f-12680657f6e5,2026-07-19 18:22:07 CST,conversations/2026-07-19/019f79e5-bda6-7310-847f-12680657f6e5.md,1,1,0,e07cc03a9dbd04e1b7ef2a286a9d9450e72f205ceaf0425305aff00b99512393
2026-07-21,019f834b-82e3-7ba3-96cc-6c7e27dce2c1,2026-07-21 14:09:51 CST,conversations/2026-07-21/019f834b-82e3-7ba3-96cc-6c7e27dce2c1.md,0,0,0,2add2e6c4c65ec47016c558cce166fad32ca205aa1172f813c6b956b9d369174
2026-08-07,019fda85-2047-78b0-a76d-314277aa0e0f,2026-08-07 12:39:45 CST,conversations/2026-08-07/019fda85-2047-78b0-a76d-314277aa0e0f.md,4,12,0,85b77d5d467eb67fdfd4d32df12420ff3412e4b8b0064b3414a8dae09423b9e8
2026-08-07,019fdb8c-c987-7011-a69c-bb299178d680,2026-08-07 17:27:44 CST,conversations/2026-08-07/019fdb8c-c987-7011-a69c-bb299178d680.md,10,39,0,2e1a54e2c34c3ed7102dde6f93c15f39109537fbce5e3ff7d5ef0829a69e6eb3
2026-08-10,019feb22-6b9c-72f3-ac8b-2661424ab1b6,2026-08-10 18:05:29 CST,conversations/2026-08-10/019feb22-6b9c-72f3-ac8b-2661424ab1b6.md,29,46,0,5e007144eed02c7e5f22e9c5ae0f091647ba2b5da555564f7506244e88a85209
2026-08-11,019feeec-4524-77a1-a5b3-fc89f0a4a064,2026-08-11 11:44:49 CST,conversations/2026-08-11/019feeec-4524-77a1-a5b3-fc89f0a4a064.md,5,15,0,3b2093fcd03ff5af80ae48ef69235ce777845b460b57c5d6a9bdd1ad5edbcdf4
2026-08-13,019ff9a9-1cb8-7760-a7f2-47fc85b8065e,2026-08-13 13:47:17 CST,conversations/2026-08-13/019ff9a9-1cb8-7760-a7f2-47fc85b8065e.md,2,2,0,8fe40b99d8140075da18f5536efb5ea1cd8cb78d30cf04e9c0ccdfdb050c736d
2026-08-28,01a047d7-f049-7353-9751-5d8f5889ebd5,2026-08-28 18:08:49 CST,conversations/2026-08-28/01a047d7-f049-7353-9751-5d8f5889ebd5.md,3,0,0,5bc044f9ed5f60a4ed9abb7878961aa3ff40ef44020656d8adc0ac4e52c25812
2026-08-28,01a047de-fbc7-79e3-9f5e-9705345aabe2,2026-08-28 18:16:30 CST,conversations/2026-08-28/01a047de-fbc7-79e3-9f5e-9705345aabe2.md,10,49,0,6f463726a472e1e2b2c9f64d3363651248b09b44fa119e0d5292b8b2235128bd
2026-08-30,01a0506b-0685-7fa1-ac29-096ce2e4ab71,2026-08-30 10:06:26 CST,conversations/2026-08-30/01a0506b-0685-7fa1-ac29-096ce2e4ab71.md,1,0,0,5acefd466a6915a9c9bd2ca32e2b3433012ebca5d06024f44253ccd2f0cb357f
2026-09-01,01a05a99-b3b4-7390-8340-b0c71f2077d1,2026-09-01 09:33:37 CST,conversations/2026-09-01/01a05a99-b3b4-7390-8340-b0c71f2077d1.md,1,2,0,4691a647adb2d453c64279f180f16028ab469210ec3b9d2fe139a3f0ba9f5b57
2026-09-01,01a05b4c-b177-7150-84dc-6993baf320d2,2026-09-01 12:49:07 CST,conversations/2026-09-01/01a05b4c-b177-7150-84dc-6993baf320d2.md,16,23,0,8a4133a6c18aa0dd66613d29f0a9b270d63acc441048ebfdde247114dda3a2e9
2026-09-01,01a05bb9-fa0f-7410-91e5-d21bbe7a6ad3,2026-09-01 14:48:29 CST,conversations/2026-09-01/01a05bb9-fa0f-7410-91e5-d21bbe7a6ad3.md,16,24,0,c9c16d04847f0ab54bccd2681a8f935c9069146f567b6a836877e618298621b1
2026-09-01,01a05bf6-8595-7d00-bdb5-9564627e2e0f,2026-09-01 15:54:37 CST,conversations/2026-09-01/01a05bf6-8595-7d00-bdb5-9564627e2e0f.md,3,4,0,f7270252f57419261aeab1f5727e3f2957b5637573b0612fc34c3053096384a2
2026-09-02,01a06232-ebf4-7b30-bf2f-106d4ed15500,2026-09-02 20:58:19 CST,conversations/2026-09-02/01a06232-ebf4-7b30-bf2f-106d4ed15500.md,1,4,0,2618fa88ea7a54d0e4e6cde7cf1bf7197c36916ffe06b15e6edd5f7b4560e204
2026-09-03,01a066a6-1594-7751-943a-43bc2ea46e65,2026-09-03 17:42:35 CST,conversations/2026-09-03/01a066a6-1594-7751-943a-43bc2ea46e65.md,1,7,0,37327d4189be7d194f848b77aa40413e0d7b149d8cccab8e52fefb21186076ea
2026-09-03,01a066ad-4229-7d62-97a3-96d49b3305cc,2026-09-03 17:50:25 CST,conversations/2026-09-03/01a066ad-4229-7d62-97a3-96d49b3305cc.md,2,6,0,61296d4999731f1ab7a78b2cde181d2771e00c825ab0e175c38d99479fe0b801
2026-09-04,01a06835-8041-7d23-9e05-f49c85758bc9,2026-09-04 00:58:51 CST,conversations/2026-09-04/01a06835-8041-7d23-9e05-f49c85758bc9.md,3,10,0,0f4a025e5bc751f69bb9a2363dd7e6a91fec5dcfefd7280ba33bd3e8bc973861
2026-09-06,01a0745f-525f-73a1-a881-a17abe6123b5,2026-09-06 09:39:59 CST,conversations/2026-09-06/01a0745f-525f-73a1-a881-a17abe6123b5.md,1,3,0,d5140249e77ed61306d76f5f1d8ba87b5aa00954c49dc9523ea2d88432411cd7
2026-09-07,01a07b65-c786-7cd2-9b1a-cd8255e3dc52,2026-09-07 18:24:22 CST,conversations/2026-09-07/01a07b65-c786-7cd2-9b1a-cd8255e3dc52.md,1,1,0,26eaec13ffb5c7b28b7b1e98d9b3539cef26d6d5f3fa1d80f861f37dc9b4702d
